ColorOfLevel	Level	MusicTitle	BmsID	OrgArtist	OrgArtistURL	ScoreSite	ScoreSiteURL	Comment
red	◎-1	Name of oath [SP BEGINNER]_SCR ver	180025	void feat. コツキミヤ , Gt. えば	http://manbow.nothing.sh/event/event.cgi?action=More_def&num=231&event=65	MIND	http://sdrv.ms/1bZPbBm	sara_[[21]]Name of oath[SPB].bme
red	◎-1	Pure Ruby [Light]_ALLSCR ver	178591	SHIKI	http://shiki2.sakura.ne.jp/	ASCR_Tool	http://sdrv.ms/1bZPbBm	sara_pure7l.bme
red	◎-1	桜華月 [7key Light]_ALLSCR ver	178570	AKITO	http://page.freett.com/akito11/index.html	ASCR_Tool	http://sdrv.ms/1bZPbBm	sara_sakura_7light.bme
red	◎-1	1972s broken toys	77861	BOF2010より	http://manbow.nothing.sh/event/event.cgi?action=List_def&event=65			
red	◎-1	caterpillar song	78249	BOF2010より	http://manbow.nothing.sh/event/event.cgi?action=List_def&event=65			
red	◎-1	* Crow Solace * [SP NORMAL]_SCR ver	180018	m108	http://manbow.nothing.sh/event/event.cgi?action=More_def&num=61&event=83	MIND	http://sdrv.ms/1bZPbBm	sara__crowN.bme
red	◎-1	Odin[Normal]_ALLSCR ver	180253	しらいし	http://www.lr2.sakura.ne.jp/Odin.rar	ASCR_Tool	http://sdrv.ms/1bZPbBm	sara__Odin_07-1.bme
red	◎-1	Fate/fete(NOMAL)_ALLSCR ver	180517	ZUN(Arr.sun3)	http://skydrive.live.com/?cid=fc95a680740ca8c9&id=FC95A680740CA8C9%21111	ASCR_Tool	http://sdrv.ms/1bZPbBm	sara_fate(NOMAL).bme
red	◎-1	"JULIAN_ALLSCR ver ""for B.O.F. 2009"""	180514	BOF2009より	http://manbow.nothing.sh/event/event.cgi?action=More_def&num=123&event=60	ASCR_Tool	http://sdrv.ms/1bZPbBm	sara__11 [ EASY 7 ] JULIAN.bme
red	◎-1	AutumnBreeze Light7_ALLSCR ver	180488	Grand thaw	http://www5f.biglobe.ne.jp/~careless/	ASCR_Tool	http://sdrv.ms/1bZPbBm	sara_7L.bme
red	◎0	ERIS NORMAL_ALLSCR ver	180502	Grand thaw	http://www5f.biglobe.ne.jp/~careless/	ASCR_Tool	http://sdrv.ms/1bZPbBm	sara_ERIS[N].bme
red	◎0	Crack House [かまぼこ工場 正社員]	165082	siqlo	https://www.dropbox.com/s/ok6nsuz0lbv53wo/Crack_House%5BOgg%5D.zip	DJ.END	http://ux.getuploader.com/sabun_/download/5/Crack_House_E.zip	
red	◎0	locked girl@Scarlet-Devils Palace [HYPER]	96965	くっちー	http://page.freett.com/ykyk00/			
red	◎0	Ancient Memory N mix [yumether◎]	121439	sun3	http://cid-578814acc2bd5a74.skydrive.live.com/browse.aspx/.Public/BMS	夢瑠	http://yumerusabun.web.fc2.com/nue.html	
red	◎0	Aeventyr [NORMAL]_ALLSCR ver	180520	Grand thaw	http://www5f.biglobe.ne.jp/~careless/	ASCR_Tool	http://sdrv.ms/1bZPbBm	sara_Aventyr[N].bme
red	◎0	Jade Star_SCR ver	180501	SHIKI	http://shiki2.sakura.ne.jp/	MIND	http://sdrv.ms/1bZPbBm	sara_shiki_jadestar7_vis.bme
	◎1	reikon girl@Genso-kyo (NORMAL7)	120135	sun3	http://cid-578814acc2bd5a74.skydrive.live.com/browse.aspx/.Public/BMS			
	◎1	run -SP NANATHER 皿-	81897	I-sm	http://cid-578814acc2bd5a74.skydrive.live.com/browse.aspx/.Public/BMS	奈那樹	http://flowermaster.web.fc2.com/	
	◎1	初めだけ皿じゃない	98001	sa10	http://sound.jp/lobsak/	奈那樹	http://flowermaster.web.fc2.com/	
	◎1	macaron (゜皿゜)	122826	Est	http://estish.nobody.jp/	彩雛	http://ayahina24.web.fc2.com/	
	◎1	Blue. by Hand Made Socket(☆10)	18366			代理UP	http://sdrv.ms/1bZPbBm	代理UPに問題がありましたら削除いたします。
	◎1	HE is an Energizer(Pt.2) - SCRATCH++ -	107045	Mr.ABC	http://www.geocities.co.jp/HiTeens-Penguin/8342/	彩雛	http://ayahina24.web.fc2.com/	
red	◎1	Me Tale Though [HYPER]	168816	BOF2013より	http://manbow.nothing.sh/event/event.cgi?action=List_def&event=88			
red	◎1	Cat. by Full Metal Jacket [BASIC]	44972	MIKE	http://freett.com/nitrix/	MIKE	http://freett.com/nitrix/	原曲「Disc Jockey MIKE」のおまけ差分
red	◎1	DRAGONLADY (7keyHYPER)_ALLSCR ver	180022	Nankumo	http://web.archive.org/web/20100721193135/http://manbow.nothing.sh/event/event.cgi?action=More_def&num=41&event=60	ASCR_Tool	http://sdrv.ms/1bZPbBm	sara_7keyH.bme
red	◎1	Name of oath [SP NORMAL]_ALLSCR ver	180023	void feat. コツキミヤ , Gt. えば	http://manbow.nothing.sh/event/event.cgi?action=More_def&num=231&event=65	MIND	http://sdrv.ms/1bZPbBm	sara_[[22]]Name of oath[SPN].bme
red	◎1	Udongebanded -HYPER-_SCR ver	180015	ZUN&SADA	http://www1.axfc.net/uploader/Si/so/109855.zip	MIND	http://sdrv.ms/1bZPbBm	sara_udoban_h.bme
red	◎1	舞姫 ～buki～　[7key]_ALLSCR ver	180255	HOUJIROU	http://houjirou.at-ninja.jp/	ASCR_Tool	http://sdrv.ms/1bZPbBm	sara_buki_7k_nm.bme
red	◎1	x-Aria -frenzy mix-_ALLSCR ver	180519	篠螺悠那	http://tsubu.ath.cx/~ssry/	ASCR_Tool	http://sdrv.ms/1bZPbBm	sara_x_aria_fr7
red	◎1	Her Majesty [7KEYS]_ALLSCR ver	180518	naotyu-	http://manbow.nothing.sh/event/event.cgi?action=More_def&num=177&event=60	ASCR_Tool	http://sdrv.ms/1bZPbBm	sara_queen003.bme
	◎2	±０[7keys/HYPER]	140919	MNMr	http://www.bmsoffighters.net/bof2012/			
	◎2	Eastern Beats [NANA-皿]	80260	Nitrix	http://page.freett.com/nitrix/	奈那樹	http://flowermaster.web.fc2.com/	
	◎2	reikon girl@Genso-kyo (HYPER7)	120137	sun3	http://cid-578814acc2bd5a74.skydrive.live.com/browse.aspx/.Public/BMS			
	◎2	HE is an Energizer(Joker-S-)	122668	Mr.ABC	http://www.geocities.co.jp/HiTeens-Penguin/8342/	奈那樹	http://flowermaster.web.fc2.com/	
	◎2	東の国のFLYING PAPARAZZI！[ hinather 皿 ]	115647	樋奈月みつ / obj:giselle	http://www.geocities.jp/bmsetc/	彩雛	http://ayahina24.web.fc2.com/	
red	◎2	ラミィ・ホーミィ	141100	BOF2012より	http://manbow.nothing.sh/event/event.cgi?action=List_def&event=83			
red	◎2	ドラゴンクエストⅢ　～ラーミア～ (オーブスクラッチ)	176956	ZANG	http://www5a.biglobe.ne.jp/~zang/bm/bms.html	キャットフライ	http://www1.axfc.net/u/3141850	
red	◎2	少女の舞葬_ALLSCR ver	179262	ぷらすちっくと女の子	http://toymusical.bms.ms/tm2/index.html	ASCR_Tool	http://sdrv.ms/1bZPbBm	sara_03_maisou-h.bme
red	◎2	Qualia[Another]_SCR ver	179385	Junk	http://dl.dropboxusercontent.com/u/93651732/Web/index.htm	MIND	http://sdrv.ms/1bZPbBm	sara_7a.bme
red	◎2	Fruit collection -SP ANOTHER-	3068	Bit's BGA:tomsfir	http://sdrv.ms/1bZPbBm			代理UP
red	◎2	Aeventyr [HYPER]_SCR ver	180522	Grand thaw	http://www5f.biglobe.ne.jp/~careless/	MIND	http://sdrv.ms/1bZPbBm	sara_Aventyr[H].bme
	◎3	locked girl@Scarlet-Devils Palace [アグニレイディアンス]	115476	くっちー	http://page.freett.com/ykyk00/	奈那樹	http://flowermaster.web.fc2.com/	
	◎3	Red-rize B172 mix [yumether◎]	81481	wint	https://skydrive.live.com/?cid=ec29adccad727122&sc=documents&id=EC29ADCCAD727122%211127	夢瑠	http://yumerusabun.web.fc2.com/nue.html	 
	◎3	SEMITHESIZER	93736	yosk!	http://dee.manbow.org/event/event.cgi?action=More_def&num=22&event=67			同梱☆11 皿のみ
	◎3	スクラッチマニア！このゆびとまれ！ [ANOTHER]	77986	常夏ハニーパイ	http://manbow.nothing.sh/event/event.cgi?action=More_def&num=212&event=65			
	◎3	祭月 (皿祭)	132517	sa10	http://yaruki0.sakura.ne.jp/bms/ondanyugi4.html	わや	http://flowermaster.web.fc2.com/	第六回差分企画 5KEYS
	◎3	HE is an Energizer(Joker-S+-)	123060	Mr.ABC	http://www.geocities.co.jp/HiTeens-Penguin/8342/	奈那樹	http://flowermaster.web.fc2.com/	
	◎3	P8107 [yumether◎]	126849	ONOKEN	http://web.archive.org/web/20070111193502/www107.sakura.ne.jp/~onoken/htmls/bms.html	夢瑠	http://yumerusabun.web.fc2.com/nue.html	
	◎3	四十五年ノ雪桜 BBAnother	129208	kozato	http://16thnotes.ebb.jp/	BBA	http://flowermaster.web.fc2.com/	
red	◎3	Cat. by Full Metal Jacket [7]	44974	MIKE	http://freett.com/nitrix/	MIKE	http://freett.com/nitrix/	原曲「Disc Jockey MIKE」のおまけ差分
red	◎3	S oz S [ANOTHER]	84977	ETIA. vs MM Sequence	http://sdrv.ms/1bZPbBm			代理UP
red	◎3	MIGHTY OBSTACLE_SCR ver	179465	EXCALIpUR	http://web.archive.org/web/20090416225824/http://homepage3.nifty.com/halm-berte/exc	MIND	http://sdrv.ms/1bZPbBm	sara_ys6mo_r07.bme
red	◎3	B.B.K.K.B.K.K. (ANOTHER)_ALLSCR ver	178325	BOF2013より	http://manbow.nothing.sh/event/event.cgi?action=List_def&event=88	ASCR_Tool	http://sdrv.ms/1bZPbBm	sara__a.bme
red	◎3	Odin[Hyper]_SCR ver	180252	しらいし	http://www.lr2.sakura.ne.jp/Odin.rar	MIND	http://sdrv.ms/1bZPbBm	sara__Odin_07-2.bme
red	◎3	Highleg Mermaid [ANOTHER]_SCR ver	180249	BOF2013より	http://manbow.nothing.sh/event/event.cgi?action=List_def&event=88	MIND	http://sdrv.ms/1bZPbBm	sara__HM_7A.bme
blue	◎3	±０[7keys/ANOTHER]	140984	MNMr	http://www.bmsoffighters.net/bof2012/			
	◎4	Jack in the Vox (皿owatazy)	152229	MONO	http://clockxellox.sakura.ne.jp/A-1_3rd/rule.html	オワタリア	http://absolute.pv.land.to/bmsuploader.html	高難易度アップローダー皿up20
	◎4	wind-line(AYATHER)	64981	sun3	https://skydrive.live.com/?cid=578814acc2bd5a74&id=578814ACC2BD5A74%21134#cid=578814ACC2BD5A74&id=578814ACC2BD5A74%21140	奈那樹	http://flowermaster.web.fc2.com/	　
	◎4	スプラッシュコード－０６ (｀皿´)	115648	ねこひめたん	http://manbow.nothing.sh/event/event.cgi?action=More_def&num=3&event=36	彩雛	http://ayahina24.web.fc2.com/	　
	◎4	祭月 [yumether◎]	132474	sa10	http://yaruki0.sakura.ne.jp/bms/ondanyugi4.html	夢瑠	http://flowermaster.web.fc2.com/	第六回差分企画
	◎4	春の湊に [NANATIC ◎]	132473	GYAON	http://yaruki0.sakura.ne.jp/bms/ondanyugi4.html	奈那樹	http://flowermaster.web.fc2.com/	第六回差分企画
	◎4	Fastraffic　[｀皿´]	125325	HOUJIROU	http://houjirou.at-ninja.jp/	彩雛	http://ayahina24.web.fc2.com/	
	◎4	皿投げプリンセス[HYPER]	158213	お下げ	http://www.geocities.jp/dsks5456/osg.html			
red	◎4	Tuk Tuk Boshi [hinather_SC]	177162	Shaman Cure-All	http://manbow.nothing.sh/event/event.cgi?action=More_def&num=189&event=65	舞雛	http://ayahina24.web.fc2.com/toppage.html	
red	◎4	CHERRY DOLL(Another)_ALLSCR ver	179267	カラフル・サウンズ・ポート	http://www1.axfc.net/uploader/C/so/127409	ASCR_Tool	http://sdrv.ms/1bZPbBm	sara_cherry_doll_a
red	◎4	Project 8 -忙しい人のための皿-	149889	コピーBMS	http://www1.axfc.net/uploader/Si/so/152545	MIND	http://sdrv.ms/1bZPbBm	project_busy_sara.bms
red	◎4	Me Tale Though [ANOTHER]	168395	BOF2013より	http://manbow.nothing.sh/event/event.cgi?action=List_def&event=88			
red	◎4	ETERNAL DRAIN (NANATHER ◎)	118252	カラフル・サウンズ・ポート	http://www1.axfc.net/uploader/C/so/127409	奈那樹	http://flowermaster.web.fc2.com/	差分作成企画→第五回差分企画
red	◎4	Flesvelka HYPER_SCR ver	179463	Grand Thaw	http://www5f.biglobe.ne.jp/~careless/	MIND	http://sdrv.ms/1bZPbBm	sara_flesvelka[H].bme
red	◎4	Tiro finale [HYPER]_ALLSCR ver	180019	BOF2011より	http://manbow.nothing.sh/event/event.cgi?action=List_def&event=74	ASCR_Tool	http://sdrv.ms/1bZPbBm	sara_hyper.bme
red	◎4	舞姫 ～buki～　[7key ANOTHER]_SCR ver	180254	HOUJIROU	http://houjirou.at-ninja.jp/	MIND	http://sdrv.ms/1bZPbBm	sara_buki_7k_A.bme
	◎5	<('ヮ')>	77091	Yamajet	http://www.yamajet.com/	アップローダー	http://absolute.pv.land.to/bmsuploader.html	その他up0133
	◎5	Ancient Memory H mix [yumether◎]	121440	sun3	http://cid-578814acc2bd5a74.skydrive.live.com/browse.aspx/.Public/BMS	夢瑠	http://yumerusabun.web.fc2.com/nue.html	
	◎5	Lucky Like Star [MD]	175703	taqumi vs DG-P	http://manbow.nothing.sh/event/event.cgi?action=More_def&num=40&event=83	奈那樹	http://flowermaster.web.fc2.com/	
	◎5	Magical Love Scratching BBAnother	122445	源屋 feat.ユスラ	http://manbow.nothing.sh/event/event.cgi?action=More_def&num=86&event=36	BBA	http://flowermaster.web.fc2.com/	 
	◎5	reikon girl@Genso-kyo (ANOTHER7)	120219	sun3	http://cid-578814acc2bd5a74.skydrive.live.com/browse.aspx/.Public/BMS			
	◎5	SEMITHESIZER	93674	yosk!	http://dee.manbow.org/event/event.cgi?action=More_def&num=22&event=67			同梱☆12 
	◎5	ting ting [yumether◎]	81551	wint	https://skydrive.live.com/?cid=ec29adccad727122&sc=documents&id=EC29ADCCAD727122%211127	夢瑠	http://yumerusabun.web.fc2.com/nue.html	 
	◎5	秩序の秋桜 [皿-Normal-]	112159	くっちー	http://manbow.nothing.sh/event/event.cgi?action=More_def&num=111&event=74			 
red	◎5	Cat. by Full Metal Jacket [7A]	44975	MIKE	http://freett.com/nitrix/	MIKE	http://freett.com/nitrix/	原曲「Disc Jockey MIKE」のおまけ差分
red	◎5	S oz S [SCRATCH MANIA]	86691	ETIA. vs MM Sequence	http://sdrv.ms/1bZPbBm			代理UP
red	◎5	Handz to Handz [Re:皿ther]	179527	BOF2011より	http://manbow.nothing.sh/event/event.cgi?action=List_def&event=74	DJ.END	http://ux.getuploader.com/sabun_/download/22/handz_to_handzEA-R.zip	
blue	◎5	Gamegame(bms edit) [◎]	180228	s-don	http://suudooon.web.fc2.com/	赤い人難易度表	http://akred.web.fc2.com/ak-red-home.html	
red	◎5	Lucid Dreaming[ANOTHER]_SCR ver	180499	BOF2013より	http://manbow.nothing.sh/event/event.cgi?action=List_def&event=88	MIND	http://sdrv.ms/1bZPbBm	skydriveのデータをDLしてください。　[cineraria_studio]lucid_dreaming.zip
	◎6	Chinese Typhoon [台(^^)]	93921	sun3	https://skydrive.live.com/?cid=578814acc2bd5a74&id=578814ACC2BD5A74%21134#cid=578814ACC2BD5A74&id=578814ACC2BD5A74%21140	U-KA*	http://flowermaster.web.fc2.com/	第3回差分企画
	◎6	NANI-KORE [7keys 皿Another]	116084	DENPA SAMPLER	http://manbow.nothing.sh/event/event.cgi?action=More_def&num=148&event=74	赤い人	http://absolute.pv.land.to/bmsuploader.html	BOF系up130
	◎6	決戦！サルーイン -Final Battle with Saruin- [皿の雨]	119955	金ラメタキシード	http://lucifer.pussycat.jp/	奈那樹	http://flowermaster.web.fc2.com/	 
	◎6	断罪魔女 -Badhabh Cath- [断◎罪]	119056	gmtn.	http://cerebralmuddystream.nekokan.dyndns.info/betoo/?mode=datail&no=31	奈那樹	http://flowermaster.web.fc2.com/	 
	◎6	Love & Justice [RIETHER]	175778	フロン / ラズベリル	http://manbow.nothing.sh/event/event.cgi?action=More_def&num=227&event=65	RIE.	http://skydrive.live.com/redir?resid=2A6807F516FB75E8!195&authkey=!ABQz3h3Pvz4LOzo&ithint=file%2c.zip	
	◎6	Yummy Dancefloor!! [SC]	168825	BOF2013より	http://manbow.nothing.sh/event/event.cgi?action=List_def&event=88			
	◎6	Into the sunset [HYPER]	7359	keyc	http://www001.upp.so-net.ne.jp/keyc/	代理UP	http://sdrv.ms/1bZPbBm	代理UPに問題がありましたら削除いたします。
	◎6	squartatrice -あたしって、ほんと皿-	125765	美樹さやか vs. 美樹さやか (fw. 美樹さやか) BGA ： 美樹さやか	http://dee.manbow.org/event/event.cgi?action=More_def&num=99&event=74	彩雛	http://ayahina24.web.fc2.com/	
red	◎6	風仁雷仁(EX)_SCR ver	179265	カラフル・サウンズ・ポート	http://nekokan.dyndns.info/~lobsak/genoside/index.html	MIND	http://sdrv.ms/1bZPbBm	sara_hujin_x.bme
	◎7	Ophelia [misther◎]	133543	Lime	http://lime0836.nomaki.jp/lookatme.html	みすとん	http://absolute.pv.land.to/bmsuploader.html	皿譜面up16
	◎7	Strawberry Crisis!! -苺皿-	107196	チャチャ	http://www.geocities.jp/chacha_yhk1219/	奈那樹	http://flowermaster.web.fc2.com/	 
red	◎7	Jack-the-Ripper◆[7EXPERT]_SCR ver	180492	sasakure.UK	http://manbow.nothing.sh/event/event.cgi?action=More_def&num=146&event=60	MIND	http://sdrv.ms/1bZPbBm	sara_jacktheripper(02_7EXPERT).bme
red	◎7	"JULIAN [ 7key Another Style ]_SCR ver ""for B.O.F. 2009"""	180515	BOF2009より	http://manbow.nothing.sh/event/event.cgi?action=More_def&num=123&event=60	MIND	http://sdrv.ms/1bZPbBm	sara_#JULIAN_7key_anotherstyle.bme
	◎8	Angelic layer [^皿^]	115652	SHIKI	http://shiki2.sakura.ne.jp/	夢瑠	http://yumerusabun.web.fc2.com/nue.html	 
	◎8	SAMBISTA [皿]	77283	DOT96	http://manbow.nothing.sh/event/event.cgi?action=More_def&num=96&event=54	アップローダー	http://absolute.pv.land.to/uploader/upload.html	汎用ロダup1307 
	◎8	God In Love -Hardcore remix-(ポロロッカ)	79604	sun3	https://skydrive.live.com/?cid=578814acc2bd5a74&id=578814ACC2BD5A74%21134#cid=578814ACC2BD5A74&id=578814ACC2BD5A74%21140	奈那樹	http://flowermaster.web.fc2.com/	
	◎8	モリオンの姫 [yumether◎]	77698	wa.	http://manbow.nothing.sh/event/event.cgi?action=More_def&num=12&event=60	夢瑠	http://yumerusabun.web.fc2.com/nue.html	
	◎8	rainy beauty [yumether]	77002	Rabbit Bat	http://manbow.nothing.sh/event/event.cgi?action=More_def&num=159&event=60	夢瑠	http://yumerusabun.web.fc2.com/nue.html	
red	◎8	Howling the Nightmare (bms edit) [◎]	180229	s-don	http://suudooon.web.fc2.com/	赤い人難易度表	http://akred.web.fc2.com/ak-red-home.html	
red	◎8	Faith.[SP Lunatic]_ALLSCR ver	180507	CrossGear	http://tohotodan3.iza-yoi.net/	ASCR_Tool	http://sdrv.ms/1bZPbBm	sara_[05 SP Lunatic].bme
	◎9	ヒマワリの丘 -Sunny Wing Mix- Core[向日葵の皿]	76732	ねこみみ魔法使い	http://nekomimi.name/	奈那樹	http://flowermaster.web.fc2.com/	
	◎9	Koishi ～Closed EyEs [SCRACH]	120511	くっちー	http://page.freett.com/ykyk00/	彩雛	http://ayahina24.web.fc2.com/	
red	◎9	Imperishable Night 2006-SP ANOTHER-_ALLSCR ver	179266	篠螺悠那 feat. 鯛の小骨	http://tsubu.ath.cx/~ssry/	ASCR_Tool	http://sdrv.ms/1bZPbBm	sara_Imperishable Night 2006 穴.bme
red	◎9	WALL BATTLE（VS MUDCAT）_SCR ver	179285	ルゼ	http://suikacrash.s370.xrea.com/event.cgi?mode=view&no=2	MIND	http://sdrv.ms/1bZPbBm	sara_wall_battle_vs_MUDCAT.bme
	◎10	<('ヮ')> 灼熱のカーニバル	77257	Yamajet	http://www.yamajet.com/	アップローダー	http://absolute.pv.land.to/bmsuploader.html	その他up0133
	◎10	FIRST COMES SCRATCHING [皿]	115646	ETIA.	http://3t1a.web.fc2.com/bms.html	夢瑠	http://yumerusabun.web.fc2.com/nue.html	 
	◎10	水晶世界 ～Fracture～ [yumether◎]	80791	celas	http://manbow.nothing.sh/event/event.cgi?action=More_def&num=44&event=65	夢瑠	http://yumerusabun.web.fc2.com/nue.html	 
	◎10	Happico 皿 Happico	128473	発狂BMS第2難易度表skydrive補完	https://skydrive.live.com/?cid=D34BFC70CBE5E695&id=D34BFC70CBE5E695%21205&sc=documents	しらいし	http://www1.axfc.net/uploader/Li/so/128884	
	◎10	Lang Tone	84321	ルゼ	http://www.luzeria.net/?p=387	夢瑠	http://yumerusabun.web.fc2.com/nue.html	
red	◎10	Altersist [SP ASCR]	114590	void	http://mournfinale.com/?page_id=501	JINSAY	http://absolute.pv.land.to/bmsuploader.html	
red	◎10	ERIS MX_ALLSCR ver	180503	Grand thaw	http://www5f.biglobe.ne.jp/~careless/	ASCR_Tool	http://sdrv.ms/1bZPbBm	sara_ERIS[MX].bme
	◎11	Ancient Memory A mix [yumether◎]	121441	sun3	http://cid-578814acc2bd5a74.skydrive.live.com/browse.aspx/.Public/BMS	夢瑠	http://yumerusabun.web.fc2.com/nue.html	
	◎11	CHASER [^皿^]	77352	SHIKI	http://3t1a.web.fc2.com/	夢瑠	http://yumerusabun.web.fc2.com/nue.html	 
	◎11	Mr.Burning Prince [◎]	107112	xenothium	http://nekokan.dyndns.info/~pupuly/bms/view.cgi?id=74&section=orig	奈那樹	http://flowermaster.web.fc2.com/	 
red	◎11	compressed eyes -kusomiso-_SCR ver	178651	sky drive	http://sdrv.ms/RGziYJ	MIND	http://sdrv.ms/1bZPbBm	sara_compressed-kusomiso.bme
red	◎11	Liberte-SuperSaw Epic mix- -ANOTHER-_ALLSCR ver	179461	源屋	http://web.archive.org/web/20071018083604/http://minamotrance.com/Liberte.rar	ASCR_Tool	http://sdrv.ms/1bZPbBm	sara_Liberte-Another_bga.bme　発狂難易度表★4の全皿
red	◎11	PARADE(ANOTHER)_SCR ver	179582	kireji	http://www7a.biglobe.ne.jp/~kireji/mpe.html	MIND	http://sdrv.ms/1bZPbBm	sara_parade-a.bme
red	◎11	地球塔デヴォーション [◎]	179586	tarolabo × 月雫	http://manbow.nothing.sh/event/event.cgi?action=More_def&num=346&event=74	奈那樹	http://flowermaster.web.fc2.com/	
red	◎11	AutumnBreeze Another7_SCR ver	180489	Grand thaw	http://www5f.biglobe.ne.jp/~careless/	MIND	http://sdrv.ms/1bZPbBm	sara_7A.bme
	◎12	Cowardly Clime [yumether◎]	105201	rider	http://kamineko.sakura.ne.jp/index.html	夢瑠	http://flowermaster.web.fc2.com/	第4回差分企画 
	◎12	Cross breed(NANATHER 皿)	76979	sun3 vs EXCALIpUR	http://manbow.nothing.sh/event/event.cgi?action=More_def&num=114&event=60	奈那樹	http://flowermaster.web.fc2.com/	 
	◎12	VALLISTA [yumether◎]	115414	削除	http://manbow.nothing.sh/event/event.cgi?action=List_def&event=74	夢瑠	http://yumerusabun.web.fc2.com/nue.html	 
	◎13	clutch [皿ANOTHER]	135739	ルゼ	http://manbow.nothing.sh/event/event.cgi?action=More_def&num=6&event=80	赤い人	http://akred.web.fc2.com/ak-red.html	 
	◎13	God In Love -Hardcore remix-(ポロロロロロロロロッカ)	79605	sun3	https://skydrive.live.com/?cid=578814acc2bd5a74&id=578814ACC2BD5A74%21134#cid=578814ACC2BD5A74&id=578814ACC2BD5A74%21140	奈那樹	http://flowermaster.web.fc2.com/	 
red	◎13	More quaver♪_ALLSCR ver	178567	お下げ	http://www.geocities.jp/dsks5456/osg.html	ASCR_Tool	http://sdrv.ms/1bZPbBm	sara_morequa.bme
red	◎13	Parousia[HARD]_SCR ver	179278	xi	http://manbow.nothing.sh/event/event.cgi?action=More_def&num=281&event=74	MIND	http://sdrv.ms/1bZPbBm	sara__parousia_HA.bme
red	◎13	LOST‡EDEN [HYPER]_ALLSCR ver	179281	因習打破	http://sdrv.ms/1bZPbBm	ASCR_Tool	http://sdrv.ms/1bZPbBm	sara_LEh.bme  肩を壊さないようにしてください。
	◎14	End Time A⇒Side [MD]	176064	Cres	http://manbow.nothing.sh/event/event.cgi?action=More_def&num=81&event=36	奈那樹	http://flowermaster.web.fc2.com/	
	◎14	PEACE BREAKER[SCRACH]	120338	xi & MONO	https://skydrive.live.com/?cid=578814acc2bd5a74&id=578814ACC2BD5A74%21134#cid=578814ACC2BD5A74&id=578814ACC2BD5A74%21140	彩雛	http://ayahina24.web.fc2.com/	 
red	◎14	Time files -SP AMETHER-_ALLSCR ver	179082	xi	http://skydrive.live.com/?cid=FD93B4F2CB8CD95F&id=FD93B4F2CB8CD95F%21105	ASCR_Tool	http://sdrv.ms/1bZPbBm	sara_Time files -SP AMETHER-.bme
red	◎14	★LittlE HearTs★(虎の穴)_ALLSCR ver	180510	ねこみみ魔法使い	http://nekomimi.name/	ASCR_Tool	http://sdrv.ms/1bZPbBm	sara_littlehearts(bt1tora).bme
red	◎14	MANIERA(DRUMS)_SCR ver	180525	D	http://manbow.nothing.sh/event/event.cgi?action=More_def&num=21&event=74	MIND	http://sdrv.ms/1bZPbBm	sara_maniera_H7.bme
	◎15	DISCHARGE RUSH[S_EASY]	84358	ETIA.	http://manbow.nothing.sh/event/event.cgi?action=More_def&num=2&event=66	お下げ	http://www.geocities.jp/dsks5456/index.html	★★3
	◎15	ＤＱⅢ　Battle -Scratch-	95683	sun3	http://web.archive.org/web/20070120103559/http://www.ayamenet.com/music/bmsdata/dq3bt.lzh	バラモスゾンビ	http://absolute.pv.land.to/bmsuploader.html	皿up0003
	◎15	PEACE BREAKER[SCRACH EXTEND]	121098	xi & MONO	https://skydrive.live.com/?cid=578814acc2bd5a74&id=578814ACC2BD5A74%21134#cid=578814ACC2BD5A74&id=578814ACC2BD5A74%21140	彩雛	http://ayahina24.web.fc2.com/	 
	◎15	Run,Curry,Run[辛皿]	120121	Kei Izumi	http://manbow.nothing.sh/event/event.cgi?action=List_def&event=75	夢瑠	http://yumerusabun.web.fc2.com/nue.html	 
	◎15	Shade of Gloria [真紅の栄光]	176586	tcheb	http://manbow.nothing.sh/event/event.cgi?action=More_def&num=82&event=88	Gloria	http://flowermaster.web.fc2.com/	差分-奈那樹から
	◎15	ワルツ第4番ロ短調 -皿狼のワルツ-	163017	nmk	http://miohosina.moe.hm/bms/dl/nmk_momi.zip	手遅兄弟[皿]	http://www.nicovideo.jp/watch/sm19952961	
red	◎15	歪んだ樹_ALLSCR ver	178569	次元大介	http://skydrive.live.com/?cid=d34bfc70cbe5e695&id=D34BFC70CBE5E695%21103	ASCR_Tool	http://sdrv.ms/1bZPbBm	sara_Boss_Battle_ki.bme
red	◎15	M-A(ANOTHER)_ALLSCR ver	179012	Musical Masterpiece	http://abeyuta.syoyu.net/	ASCR_Tool	http://sdrv.ms/1bZPbBm	sara_MAA7_30.bme
red	◎15	Jade Star (ですぅ)_SCR ver	180493	SHIKI	http://shiki2.sakura.ne.jp/	MIND	http://sdrv.ms/1bZPbBm	sara_desu-.bme
